{
  "content": [
    {
      "path": "manifest.json",
      "size": 299,
      "date": 132455370534649880
    },
    {
      "path": "scenery/global/scenery/modelLib.BGL",
      "size": 1199022,
      "date": 132455370528872808
    },
    {
      "path": "scenery/global/scenery/TEXTURE/CZUMCOLOR.PNG.DDS",
      "size": 89478640,
      "date": 132455332767730057
    },
    {
      "path": "scenery/global/scenery/TEXTURE/CZUMCOLOR.PNG.DDS.json",
      "size": 119,
      "date": 132455332766789133
    },
    {
      "path": "scenery/world/scenery/CZUMPOLYS.BGL",
      "size": 88808,
      "date": 132455370534439696
    },
    {
      "path": "scenery/world/scenery/objects.bgl",
      "size": 48934,
      "date": 132455375283977904
    }
  ]
}