{
  "content": [
    {
      "path": "ContentInfo/julysfire-airport-czum-churchillfalls/Thumbnail.jpg",
      "size": 20102,
      "date": 132531689510476311
    },
    {
      "path": "scenery/global/modelLibCZUM/modelLibCZUM.BGL",
      "size": 1202990,
      "date": 132612567820849915
    },
    {
      "path": "scenery/global/modelLibCZUM/TEXTURE/CZUMCOLOR.PNG.DDS",
      "size": 89478640,
      "date": 132612567819318529
    },
    {
      "path": "scenery/global/modelLibCZUM/TEXTURE/CZUMCOLOR.PNG.DDS.json",
      "size": 119,
      "date": 132612567818337634
    },
    {
      "path": "scenery/world/sceneCZUM/CZUMPOLYS.BGL",
      "size": 86116,
      "date": 132612567825964554
    },
    {
      "path": "scenery/world/sceneCZUM/objects.bgl",
      "size": 48934,
      "date": 132612567821560569
    }
  ]
}