{
  "content": [
    {
      "path": "ContentInfo/julysfire-airport-czum-churchillfalls/ContentHistory.json",
      "size": 161,
      "date": 133213333914554828
    },
    {
      "path": "ContentInfo/julysfire-airport-czum-churchillfalls/Thumbnail.jpg",
      "size": 20102,
      "date": 132531689510476311
    },
    {
      "path": "scenery/global/modelLibCZUM/modelLibCZUM.BGL",
      "size": 1203074,
      "date": 133213333912557404
    },
    {
      "path": "scenery/global/modelLibCZUM/texture/CZUMCOLOR.PNG.DDS",
      "size": 89478640,
      "date": 132472506434464457
    },
    {
      "path": "scenery/global/modelLibCZUM/texture/CZUMCOLOR.PNG.DDS.json",
      "size": 119,
      "date": 132472506434464457
    },
    {
      "path": "scenery/world/sceneCZUM/objects.bgl",
      "size": 96371,
      "date": 133213333914454737
    }
  ]
}