{
  "content": [
    {
      "path": "ContentInfo/julysfire-airport-czum-churchillfalls/Thumbnail.jpg",
      "size": 20102,
      "date": 132531689510476311
    },
    {
      "path": "scenery/global/modelLibCZUM/modelLibCZUM.BGL",
      "size": 1203042,
      "date": 132750915285031565
    },
    {
      "path": "scenery/global/modelLibCZUM/texture/CZUMCOLOR.PNG.DDS",
      "size": 89478640,
      "date": 132750915283790433
    },
    {
      "path": "scenery/global/modelLibCZUM/texture/CZUMCOLOR.PNG.DDS.json",
      "size": 119,
      "date": 132750915282819529
    },
    {
      "path": "scenery/world/sceneCZUM/czumpolys.bgl",
      "size": 86336,
      "date": 132750915286813185
    },
    {
      "path": "scenery/world/sceneCZUM/objects.bgl",
      "size": 48990,
      "date": 132750915285602081
    }
  ]
}