{
  "content": [
    {
      "path": "ContentInfo/julysfire-airport-czum-churchillfalls/Thumbnail.jpg",
      "size": 20102,
      "date": 132531689510476311
    },
    {
      "path": "scenery/global/modelLibCZUM/modelLibCZUM.BGL",
      "size": 1202990,
      "date": 132628378495748218
    },
    {
      "path": "scenery/global/modelLibCZUM/TEXTURE/CZUMCOLOR.PNG.DDS",
      "size": 89478640,
      "date": 132628378495357863
    },
    {
      "path": "scenery/global/modelLibCZUM/TEXTURE/CZUMCOLOR.PNG.DDS.json",
      "size": 119,
      "date": 132628378494507093
    },
    {
      "path": "scenery/world/sceneCZUM/czumpolys.bgl",
      "size": 86336,
      "date": 132628378500492546
    },
    {
      "path": "scenery/world/sceneCZUM/objects.bgl",
      "size": 48990,
      "date": 132628378496348769
    }
  ]
}