{
  "content": [
    {
      "path": "scenery/global/modelLibCZUM/modelLibCZUM.BGL",
      "size": 1202990,
      "date": 132485947646776275
    },
    {
      "path": "scenery/global/modelLibCZUM/TEXTURE/CZUMCOLOR.PNG.DDS",
      "size": 89478640,
      "date": 132485947645184825
    },
    {
      "path": "scenery/global/modelLibCZUM/TEXTURE/CZUMCOLOR.PNG.DDS.json",
      "size": 119,
      "date": 132485947644304015
    },
    {
      "path": "scenery/world/sceneCZUM/CZUMPOLYS.BGL",
      "size": 88808,
      "date": 132485947654580635
    },
    {
      "path": "scenery/world/sceneCZUM/objects.bgl",
      "size": 48934,
      "date": 132485947647607026
    }
  ]
}