{
  "content": [
    {
      "path": "ContentInfo/julysfire-airport-czum-churchillfalls/Thumbnail.jpg",
      "size": 20102,
      "date": 132531689510476311
    },
    {
      "path": "scenery/global/modelLibCZUM/modelLibCZUM.BGL",
      "size": 1203074,
      "date": 132997900166474458
    },
    {
      "path": "scenery/global/modelLibCZUM/texture/CZUMCOLOR.PNG.DDS",
      "size": 89478640,
      "date": 132997900166284305
    },
    {
      "path": "scenery/global/modelLibCZUM/texture/CZUMCOLOR.PNG.DDS.json",
      "size": 119,
      "date": 132997900165451473
    },
    {
      "path": "scenery/world/sceneCZUM/objects.bgl",
      "size": 96371,
      "date": 132997900168526321
    }
  ]
}